"Acropolis of Athen - Attica, Greece"
"Acropolis of Athen - Attica, Greece"
"Acropolis of Athen - Attica, Greece"
"Acropolis of Athen - Attica, Greece"
"Acropolis of Athen - Attica, Greece"
"Acropolis of Athen - Attica, Greece"
"Acropolis of Athen - Attica, Greece"
"Acropolis of Athen - Attica, Greece"
"Acropolis of Athen - Attica, Greece"
"Acropolis of Athen - Attica, Greece"
"Acropolis of Athen - Attica, Greece"
"Acropolis of Athen - Attica, Greece"
"Acropolis of Athen - Attica, Greece"
"Acropolis of Athen - Attica, Greece"
"Acropolis of Athen - Attica, Greece"
"Acropolis of Athen - Attica, Greece"
"Acropolis of Athen - Attica, Greece"
"Acropolis of Athen - Attica, Greece"
"Acropolis of Athen - Attica, Greece"
"Acropolis of Athen - Attica, Greece"
"Acropolis of Athen - Attica, Greece"
"Acropolis of Athen - Attica, Greece"
"Acropolis of Athen - Attica, Greece"
"Acropolis of Athen - Attica, Greece"
"Acropolis of Athen - Attica, Greece"
"Acropolis of Athen - Attica, Greece"
"Acropolis of Athen - Attica, Greece"
"Acropolis of Athen - Attica, Greece"
"Acropolis of Athen - Attica, Greece"
"Acropolis of Athen - Attica, Greece"
"Acropolis of Athen - Attica, Greece"
"Acropolis of Athen - Attica, Greece"
"Acropolis of Athen - Attica, Greece"
"Acropolis of Athen - Attica, Greece"
"Acropolis of Athen - Attica, Greece"
"Acropolis of Athen - Attica, Greece"
"Acropolis of Athen - Attica, Greece"
"Acropolis of Athen - Attica, Greece"
"Acropolis of Athen - Attica, Greece"
"Acropolis of Athen - Attica, Greece"
"Ball's Pyramid - Lord Howe Island Group, Australia"
"Ball's Pyramid - Lord Howe Island Group, Australia"
"Ball's Pyramid - Lord Howe Island Group, Australia"
"Ball's Pyramid - Lord Howe Island Group, Australia"
"Ball's Pyramid - Lord Howe Island Group, Australia"
"Ball's Pyramid - Lord Howe Island Group, Australia"
"Ball's Pyramid - Lord Howe Island Group, Australia"
"Ball's Pyramid - Lord Howe Island Group, Australia"
"Ball's Pyramid - Lord Howe Island Group, Australia"
"Ball's Pyramid - Lord Howe Island Group, Australia"
"Ball's Pyramid - Lord Howe Island Group, Australia"
"Ball's Pyramid - Lord Howe Island Group, Australia"
"Ball's Pyramid - Lord Howe Island Group, Australia"
"Ball's Pyramid - Lord Howe Island Group, Australia"
"Ball's Pyramid - Lord Howe Island Group, Australia"
"Ball's Pyramid - Lord Howe Island Group, Australia"
"Ball's Pyramid - Lord Howe Island Group, Australia"
"Ball's Pyramid - Lord Howe Island Group, Australia"
"Ball's Pyramid - Lord Howe Island Group, Australia"
"Ball's Pyramid - Lord Howe Island Group, Australia"
"Ball's Pyramid - Lord Howe Island Group, Australia"
"Ball's Pyramid - Lord Howe Island Group, Australia"
"Ball's Pyramid - Lord Howe Island Group, Australia"
"Ball's Pyramid - Lord Howe Island Group, Australia"
"Ball's Pyramid - Lord Howe Island Group, Australia"
"Ball's Pyramid - Lord Howe Island Group, Australia"
"Ball's Pyramid - Lord Howe Island Group, Australia"
"Ball's Pyramid - Lord Howe Island Group, Australia"
"Ball's Pyramid - Lord Howe Island Group, Australia"
"Ball's Pyramid - Lord Howe Island Group, Australia"
"Ball's Pyramid - Lord Howe Island Group, Australia"
"Ball's Pyramid - Lord Howe Island Group, Australia"
"Ball's Pyramid - Lord Howe Island Group, Australia"
"Ball's Pyramid - Lord Howe Island Group, Australia"
"Ball's Pyramid - Lord Howe Island Group, Australia"
"Ball's Pyramid - Lord Howe Island Group, Australia"
"Ball's Pyramid - Lord Howe Island Group, Australia"
"Ball's Pyramid - Lord Howe Island Group, Australia"
"Ball's Pyramid - Lord Howe Island Group, Australia"
"Ball's Pyramid - Lord Howe Island Group, Australia"
"Museum of Vietnamese History, Ho Chi Minh City, Viet Nam"
"Museum of Vietnamese History, Ho Chi Minh City, Viet Nam"
"Museum of Vietnamese History, Ho Chi Minh City, Viet Nam"
"Museum of Vietnamese History, Ho Chi Minh City, Viet Nam"
"Museum of Vietnamese History, Ho Chi Minh City, Viet Nam"
"Museum of Vietnamese History, Ho Chi Minh City, Viet Nam"
"Museum of Vietnamese History, Ho Chi Minh City, Viet Nam"
"Museum of Vietnamese History, Ho Chi Minh City, Viet Nam"
"Museum of Vietnamese History, Ho Chi Minh City, Viet Nam"
"Museum of Vietnamese History, Ho Chi Minh City, Viet Nam"
"Museum of Vietnamese History, Ho Chi Minh City, Viet Nam"
"Museum of Vietnamese History, Ho Chi Minh City, Viet Nam"
"Museum of Vietnamese History, Ho Chi Minh City, Viet Nam"
"Museum of Vietnamese History, Ho Chi Minh City, Viet Nam"
"Museum of Vietnamese History, Ho Chi Minh City, Viet Nam"
"Museum of Vietnamese History, Ho Chi Minh City, Viet Nam"
"Museum of Vietnamese History, Ho Chi Minh City, Viet Nam"
"Museum of Vietnamese History, Ho Chi Minh City, Viet Nam"
"Museum of Vietnamese History, Ho Chi Minh City, Viet Nam"
"Museum of Vietnamese History, Ho Chi Minh City, Viet Nam"
"Museum of Vietnamese History, Ho Chi Minh City, Viet Nam"
"Museum of Vietnamese History, Ho Chi Minh City, Viet Nam"
"Museum of Vietnamese History, Ho Chi Minh City, Viet Nam"
"Museum of Vietnamese History, Ho Chi Minh City, Viet Nam"
"Museum of Vietnamese History, Ho Chi Minh City, Viet Nam"
"Museum of Vietnamese History, Ho Chi Minh City, Viet Nam"
"Big Ben - Westminster, London, England"
"Big Ben - Westminster, London, England"
"Big Ben - Westminster, London, England"
"Big Ben - Westminster, London, England"
"Big Ben - Westminster, London, England"
"Big Ben - Westminster, London, England"
"Big Ben - Westminster, London, England"
"Big Ben - Westminster, London, England"
"Big Ben - Westminster, London, England"
"Big Ben - Westminster, London, England"
"Big Ben - Westminster, London, England"
"Big Ben - Westminster, London, England"
"Big Ben - Westminster, London, England"
"Big Ben - Westminster, London, England"
"Big Ben - Westminster, London, England"
"Big Ben - Westminster, London, England"
"Big Ben - Westminster, London, England"
"Big Ben - Westminster, London, England"
"Big Ben - Westminster, London, England"
"Big Ben - Westminster, London, England"
"Big Ben - Westminster, London, England"
"Big Ben - Westminster, London, England"
"Big Ben - Westminster, London, England"
"Big Ben - Westminster, London, England"
"Big Ben - Westminster, London, England"
"Big Ben - Westminster, London, England"
"Big Ben - Westminster, London, England"
"Big Ben - Westminster, London, England"
"Big Ben - Westminster, London, England"
"Big Ben - Westminster, London, England"
"Cattle Point Lighthouse - San Juan Island, Washington, United States"
"Cattle Point Lighthouse - San Juan Island, Washington, United States"
"Cattle Point Lighthouse - San Juan Island, Washington, United States"
"Cattle Point Lighthouse - San Juan Island, Washington, United States"
"Cattle Point Lighthouse - San Juan Island, Washington, United States"
"Cattle Point Lighthouse - San Juan Island, Washington, United States"
"Cattle Point Lighthouse - San Juan Island, Washington, United States"
"Cattle Point Lighthouse - San Juan Island, Washington, United States"
"Cattle Point Lighthouse - San Juan Island, Washington, United States"
"Cattle Point Lighthouse - San Juan Island, Washington, United States"
"Cattle Point Lighthouse - San Juan Island, Washington, United States"
"Cattle Point Lighthouse - San Juan Island, Washington, United States"
"Cattle Point Lighthouse - San Juan Island, Washington, United States"
"Cattle Point Lighthouse - San Juan Island, Washington, United States"
"Cattle Point Lighthouse - San Juan Island, Washington, United States"
"Cattle Point Lighthouse - San Juan Island, Washington, United States"
"Cattle Point Lighthouse - San Juan Island, Washington, United States"
"Cattle Point Lighthouse - San Juan Island, Washington, United States"
"Cattle Point Lighthouse - San Juan Island, Washington, United States"
"Cattle Point Lighthouse - San Juan Island, Washington, United States"
"Cattle Point Lighthouse - San Juan Island, Washington, United States"
"Cattle Point Lighthouse - San Juan Island, Washington, United States"
"Cattle Point Lighthouse - San Juan Island, Washington, United States"
"Cattle Point Lighthouse - San Juan Island, Washington, United States"
"Cattle Point Lighthouse - San Juan Island, Washington, United States"
"Cattle Point Lighthouse - San Juan Island, Washington, United States"
"Cattle Point Lighthouse - San Juan Island, Washington, United States"
"Cattle Point Lighthouse - San Juan Island, Washington, United States"
"Cattle Point Lighthouse - San Juan Island, Washington, United States"
"Cattle Point Lighthouse - San Juan Island, Washington, United States"
"Cattle Point Lighthouse - San Juan Island, Washington, United States"
"Cattle Point Lighthouse - San Juan Island, Washington, United States"
"Cattle Point Lighthouse - San Juan Island, Washington, United States"
"Cattle Point Lighthouse - San Juan Island, Washington, United States"
"Cattle Point Lighthouse - San Juan Island, Washington, United States"
"Cattle Point Lighthouse - San Juan Island, Washington, United States"
"Cattle Point Lighthouse - San Juan Island, Washington, United States"
"Cattle Point Lighthouse - San Juan Island, Washington, United States"
"Cattle Point Lighthouse - San Juan Island, Washington, United States"
"Cattle Point Lighthouse - San Juan Island, Washington, United States"
"Cattle Point Lighthouse - San Juan Island, Washington, United States"
"Cattle Point Lighthouse - San Juan Island, Washington, United States"
"Golden Bridge - Da Nang, Vietnam"
"Golden Bridge - Da Nang, Vietnam"
"Golden Bridge - Da Nang, Vietnam"
"Golden Bridge - Da Nang, Vietnam"
"Golden Bridge - Da Nang, Vietnam"
"Golden Bridge - Da Nang, Vietnam"
"Golden Bridge - Da Nang, Vietnam"
"Golden Bridge - Da Nang, Vietnam"
"Golden Bridge - Da Nang, Vietnam"
"Golden Bridge - Da Nang, Vietnam"
"Golden Bridge - Da Nang, Vietnam"
"Golden Bridge - Da Nang, Vietnam"
"Golden Bridge - Da Nang, Vietnam"
"Golden Bridge - Da Nang, Vietnam"
"Golden Bridge - Da Nang, Vietnam"
"Golden Bridge - Da Nang, Vietnam"
"Golden Bridge - Da Nang, Vietnam"
"Golden Bridge - Da Nang, Vietnam"
"Golden Bridge - Da Nang, Vietnam"
"Golden Bridge - Da Nang, Vietnam"
"Golden Bridge - Da Nang, Vietnam"
"Golden Bridge - Da Nang, Vietnam"
"Golden Bridge - Da Nang, Vietnam"
"Golden Bridge - Da Nang, Vietnam"
"Golden Bridge - Da Nang, Vietnam"
"Golden Bridge - Da Nang, Vietnam"
"Golden Bridge - Da Nang, Vietnam"
"Golden Bridge - Da Nang, Vietnam"
"Golden Bridge - Da Nang, Vietnam"
"Golden Bridge - Da Nang, Vietnam"
"Chichen Itza  - Yucatan, Mexico"
"Chichen Itza  - Yucatan, Mexico"
"Chichen Itza  - Yucatan, Mexico"
"Chichen Itza  - Yucatan, Mexico"
"Chichen Itza  - Yucatan, Mexico"
"Chichen Itza  - Yucatan, Mexico"
"Chichen Itza  - Yucatan, Mexico"
"Chichen Itza  - Yucatan, Mexico"
"Chichen Itza  - Yucatan, Mexico"
"Chichen Itza  - Yucatan, Mexico"
"Chichen Itza  - Yucatan, Mexico"
"Chichen Itza  - Yucatan, Mexico"
"Chichen Itza  - Yucatan, Mexico"
"Chichen Itza  - Yucatan, Mexico"
"Chichen Itza  - Yucatan, Mexico"
"Chichen Itza  - Yucatan, Mexico"
"Chichen Itza  - Yucatan, Mexico"
"Chichen Itza  - Yucatan, Mexico"
"Chichen Itza  - Yucatan, Mexico"
"Chichen Itza  - Yucatan, Mexico"
"Chichen Itza  - Yucatan, Mexico"
"Chichen Itza  - Yucatan, Mexico"
"Chichen Itza  - Yucatan, Mexico"
"Chichen Itza  - Yucatan, Mexico"
"Chichen Itza  - Yucatan, Mexico"
"Chichen Itza  - Yucatan, Mexico"
"Chichen Itza  - Yucatan, Mexico"
"Chichen Itza  - Yucatan, Mexico"
"Chichen Itza  - Yucatan, Mexico"
"Chichen Itza  - Yucatan, Mexico"
"Chichen Itza  - Yucatan, Mexico"
"Chichen Itza  - Yucatan, Mexico"
"Chichen Itza  - Yucatan, Mexico"
"Chichen Itza  - Yucatan, Mexico"
"Chichen Itza  - Yucatan, Mexico"
"Chichen Itza  - Yucatan, Mexico"
"Chichen Itza  - Yucatan, Mexico"
"Chichen Itza  - Yucatan, Mexico"
"Chichen Itza  - Yucatan, Mexico"
"Chichen Itza  - Yucatan, Mexico"
"Ben Thanh Market - Ho Chi Minh City, Vietnam"
"Ben Thanh Market - Ho Chi Minh City, Vietnam"
"Ben Thanh Market - Ho Chi Minh City, Vietnam"
"Ben Thanh Market - Ho Chi Minh City, Vietnam"
"Ben Thanh Market - Ho Chi Minh City, Vietnam"
"Ben Thanh Market - Ho Chi Minh City, Vietnam"
"Ben Thanh Market - Ho Chi Minh City, Vietnam"
"Ben Thanh Market - Ho Chi Minh City, Vietnam"
"Ben Thanh Market - Ho Chi Minh City, Vietnam"
"Ben Thanh Market - Ho Chi Minh City, Vietnam"
"Ben Thanh Market - Ho Chi Minh City, Vietnam"
"Ben Thanh Market - Ho Chi Minh City, Vietnam"
"Ben Thanh Market - Ho Chi Minh City, Vietnam"
"Ben Thanh Market - Ho Chi Minh City, Vietnam"
"Ben Thanh Market - Ho Chi Minh City, Vietnam"
"Ben Thanh Market - Ho Chi Minh City, Vietnam"
"Ben Thanh Market - Ho Chi Minh City, Vietnam"
"Ben Thanh Market - Ho Chi Minh City, Vietnam"
"Ben Thanh Market - Ho Chi Minh City, Vietnam"
"Ben Thanh Market - Ho Chi Minh City, Vietnam"
"Ben Thanh Market - Ho Chi Minh City, Vietnam"
"Ben Thanh Market - Ho Chi Minh City, Vietnam"
"Ben Thanh Market - Ho Chi Minh City, Vietnam"
"Ben Thanh Market - Ho Chi Minh City, Vietnam"
"Ben Thanh Market - Ho Chi Minh City, Vietnam"
"Ben Thanh Market - Ho Chi Minh City, Vietnam"
"Ben Thanh Market - Ho Chi Minh City, Vietnam"
"Ben Thanh Market - Ho Chi Minh City, Vietnam"
"Ben Thanh Market - Ho Chi Minh City, Vietnam"
"Ben Thanh Market - Ho Chi Minh City, Vietnam"
"Ben Thanh Market - Ho Chi Minh City, Vietnam"
"Ben Thanh Market - Ho Chi Minh City, Vietnam"
"Ben Thanh Market - Ho Chi Minh City, Vietnam"
"Ben Thanh Market - Ho Chi Minh City, Vietnam"
"Ben Thanh Market - Ho Chi Minh City, Vietnam"
"Christ the Redeemer - Rio de Janeiro, Brazil"
"Christ the Redeemer - Rio de Janeiro, Brazil"
"Christ the Redeemer - Rio de Janeiro, Brazil"
"Christ the Redeemer - Rio de Janeiro, Brazil"
"Christ the Redeemer - Rio de Janeiro, Brazil"
"Christ the Redeemer - Rio de Janeiro, Brazil"
"Christ the Redeemer - Rio de Janeiro, Brazil"
"Christ the Redeemer - Rio de Janeiro, Brazil"
"Christ the Redeemer - Rio de Janeiro, Brazil"
"Christ the Redeemer - Rio de Janeiro, Brazil"
"Christ the Redeemer - Rio de Janeiro, Brazil"
"Christ the Redeemer - Rio de Janeiro, Brazil"
"Christ the Redeemer - Rio de Janeiro, Brazil"
"Christ the Redeemer - Rio de Janeiro, Brazil"
"Christ the Redeemer - Rio de Janeiro, Brazil"
"Christ the Redeemer - Rio de Janeiro, Brazil"
"Christ the Redeemer - Rio de Janeiro, Brazil"
"Christ the Redeemer - Rio de Janeiro, Brazil"
"Christ the Redeemer - Rio de Janeiro, Brazil"
"Christ the Redeemer - Rio de Janeiro, Brazil"
"Christ the Redeemer - Rio de Janeiro, Brazil"
"Christ the Redeemer - Rio de Janeiro, Brazil"
"Christ the Redeemer - Rio de Janeiro, Brazil"
"Christ the Redeemer - Rio de Janeiro, Brazil"
"Christ the Redeemer - Rio de Janeiro, Brazil"
"Christ the Redeemer - Rio de Janeiro, Brazil"
"Christ the Redeemer - Rio de Janeiro, Brazil"
"Christ the Redeemer - Rio de Janeiro, Brazil"
"Christ the Redeemer - Rio de Janeiro, Brazil"
"Christ the Redeemer - Rio de Janeiro, Brazil"
"Christ the Redeemer - Rio de Janeiro, Brazil"
"Christ the Redeemer - Rio de Janeiro, Brazil"
"Christ the Redeemer - Rio de Janeiro, Brazil"
"Christ the Redeemer - Rio de Janeiro, Brazil"
"Christ the Redeemer - Rio de Janeiro, Brazil"
"Christ the Redeemer - Rio de Janeiro, Brazil"
"Christ the Redeemer - Rio de Janeiro, Brazil"
"Christ the Redeemer - Rio de Janeiro, Brazil"
"Christ the Redeemer - Rio de Janeiro, Brazil"
"Christ the Redeemer - Rio de Janeiro, Brazil"
"Colosseum -  Regio III Isis et Serapis, Rome, Italy"
"Colosseum -  Regio III Isis et Serapis, Rome, Italy"
"Colosseum -  Regio III Isis et Serapis, Rome, Italy"
"Colosseum -  Regio III Isis et Serapis, Rome, Italy"
"Colosseum -  Regio III Isis et Serapis, Rome, Italy"
"Colosseum -  Regio III Isis et Serapis, Rome, Italy"
"Colosseum -  Regio III Isis et Serapis, Rome, Italy"
"Colosseum -  Regio III Isis et Serapis, Rome, Italy"
"Colosseum -  Regio III Isis et Serapis, Rome, Italy"
"Colosseum -  Regio III Isis et Serapis, Rome, Italy"
"Colosseum -  Regio III Isis et Serapis, Rome, Italy"
"Colosseum -  Regio III Isis et Serapis, Rome, Italy"
"Colosseum -  Regio III Isis et Serapis, Rome, Italy"
"Colosseum -  Regio III Isis et Serapis, Rome, Italy"
"Colosseum -  Regio III Isis et Serapis, Rome, Italy"
"Colosseum -  Regio III Isis et Serapis, Rome, Italy"
"Colosseum -  Regio III Isis et Serapis, Rome, Italy"
"Colosseum -  Regio III Isis et Serapis, Rome, Italy"
"Colosseum -  Regio III Isis et Serapis, Rome, Italy"
"Colosseum -  Regio III Isis et Serapis, Rome, Italy"
"Colosseum -  Regio III Isis et Serapis, Rome, Italy"
"Colosseum -  Regio III Isis et Serapis, Rome, Italy"
"Colosseum -  Regio III Isis et Serapis, Rome, Italy"
"Colosseum -  Regio III Isis et Serapis, Rome, Italy"
"Colosseum -  Regio III Isis et Serapis, Rome, Italy"
"Colosseum -  Regio III Isis et Serapis, Rome, Italy"
"Colosseum -  Regio III Isis et Serapis, Rome, Italy"
"Colosseum -  Regio III Isis et Serapis, Rome, Italy"
"Colosseum -  Regio III Isis et Serapis, Rome, Italy"
"Colosseum -  Regio III Isis et Serapis, Rome, Italy"
"Colosseum -  Regio III Isis et Serapis, Rome, Italy"
"Colosseum -  Regio III Isis et Serapis, Rome, Italy"
"Colosseum -  Regio III Isis et Serapis, Rome, Italy"
"Colosseum -  Regio III Isis et Serapis, Rome, Italy"
"Colosseum -  Regio III Isis et Serapis, Rome, Italy"
"Colosseum -  Regio III Isis et Serapis, Rome, Italy"
"Colosseum -  Regio III Isis et Serapis, Rome, Italy"
"Colosseum -  Regio III Isis et Serapis, Rome, Italy"
"Colosseum -  Regio III Isis et Serapis, Rome, Italy"
"Colosseum -  Regio III Isis et Serapis, Rome, Italy"
"Patriotic war dead memorial - Ba Dinh, Ha Noi, Vietnam"
"Patriotic war dead memorial - Ba Dinh, Ha Noi, Vietnam"
"Patriotic war dead memorial - Ba Dinh, Ha Noi, Vietnam"
"Patriotic war dead memorial - Ba Dinh, Ha Noi, Vietnam"
"Patriotic war dead memorial - Ba Dinh, Ha Noi, Vietnam"
"Patriotic war dead memorial - Ba Dinh, Ha Noi, Vietnam"
"Patriotic war dead memorial - Ba Dinh, Ha Noi, Vietnam"
"Patriotic war dead memorial - Ba Dinh, Ha Noi, Vietnam"
"Patriotic war dead memorial - Ba Dinh, Ha Noi, Vietnam"
"Patriotic war dead memorial - Ba Dinh, Ha Noi, Vietnam"
"Patriotic war dead memorial - Ba Dinh, Ha Noi, Vietnam"
"Patriotic war dead memorial - Ba Dinh, Ha Noi, Vietnam"
"Patriotic war dead memorial - Ba Dinh, Ha Noi, Vietnam"
"Patriotic war dead memorial - Ba Dinh, Ha Noi, Vietnam"
"Patriotic war dead memorial - Ba Dinh, Ha Noi, Vietnam"
"Patriotic war dead memorial - Ba Dinh, Ha Noi, Vietnam"
"Patriotic war dead memorial - Ba Dinh, Ha Noi, Vietnam"
"Patriotic war dead memorial - Ba Dinh, Ha Noi, Vietnam"
"Patriotic war dead memorial - Ba Dinh, Ha Noi, Vietnam"
"Patriotic war dead memorial - Ba Dinh, Ha Noi, Vietnam"
"Eiffel Tower - 7th Arrondissement, Paris, France"
"Eiffel Tower - 7th Arrondissement, Paris, France"
"Eiffel Tower - 7th Arrondissement, Paris, France"
"Eiffel Tower - 7th Arrondissement, Paris, France"
"Eiffel Tower - 7th Arrondissement, Paris, France"
"Eiffel Tower - 7th Arrondissement, Paris, France"
"Eiffel Tower - 7th Arrondissement, Paris, France"
"Eiffel Tower - 7th Arrondissement, Paris, France"
"Eiffel Tower - 7th Arrondissement, Paris, France"
"Eiffel Tower - 7th Arrondissement, Paris, France"
"Eiffel Tower - 7th Arrondissement, Paris, France"
"Eiffel Tower - 7th Arrondissement, Paris, France"
"Eiffel Tower - 7th Arrondissement, Paris, France"
"Eiffel Tower - 7th Arrondissement, Paris, France"
"Eiffel Tower - 7th Arrondissement, Paris, France"
"Eiffel Tower - 7th Arrondissement, Paris, France"
"Eiffel Tower - 7th Arrondissement, Paris, France"
"Eiffel Tower - 7th Arrondissement, Paris, France"
"Eiffel Tower - 7th Arrondissement, Paris, France"
"Eiffel Tower - 7th Arrondissement, Paris, France"
"Eiffel Tower - 7th Arrondissement, Paris, France"
"Eiffel Tower - 7th Arrondissement, Paris, France"
"Eiffel Tower - 7th Arrondissement, Paris, France"
"Eiffel Tower - 7th Arrondissement, Paris, France"
"Eiffel Tower - 7th Arrondissement, Paris, France"
"Eiffel Tower - 7th Arrondissement, Paris, France"
"Eiffel Tower - 7th Arrondissement, Paris, France"
"Eiffel Tower - 7th Arrondissement, Paris, France"
"Eiffel Tower - 7th Arrondissement, Paris, France"
"Eiffel Tower - 7th Arrondissement, Paris, France"
"Eiffel Tower - 7th Arrondissement, Paris, France"
"Eiffel Tower - 7th Arrondissement, Paris, France"
"Eiffel Tower - 7th Arrondissement, Paris, France"
"Eiffel Tower - 7th Arrondissement, Paris, France"
"Eiffel Tower - 7th Arrondissement, Paris, France"
"Eiffel Tower - 7th Arrondissement, Paris, France"
"Eiffel Tower - 7th Arrondissement, Paris, France"
"Eiffel Tower - 7th Arrondissement, Paris, France"
"Eiffel Tower - 7th Arrondissement, Paris, France"
"Eiffel Tower - 7th Arrondissement, Paris, France"
"Great Pyramid of Giza - Greater Cairo, Egypt"
"Great Pyramid of Giza - Greater Cairo, Egypt"
"Great Pyramid of Giza - Greater Cairo, Egypt"
"Great Pyramid of Giza - Greater Cairo, Egypt"
"Great Pyramid of Giza - Greater Cairo, Egypt"
"Great Pyramid of Giza - Greater Cairo, Egypt"
"Great Pyramid of Giza - Greater Cairo, Egypt"
"Great Pyramid of Giza - Greater Cairo, Egypt"
"Great Pyramid of Giza - Greater Cairo, Egypt"
"Great Pyramid of Giza - Greater Cairo, Egypt"
"Great Pyramid of Giza - Greater Cairo, Egypt"
"Great Pyramid of Giza - Greater Cairo, Egypt"
"Great Pyramid of Giza - Greater Cairo, Egypt"
"Great Pyramid of Giza - Greater Cairo, Egypt"
"Great Pyramid of Giza - Greater Cairo, Egypt"
"Great Pyramid of Giza - Greater Cairo, Egypt"
"Great Pyramid of Giza - Greater Cairo, Egypt"
"Great Pyramid of Giza - Greater Cairo, Egypt"
"Great Pyramid of Giza - Greater Cairo, Egypt"
"Great Pyramid of Giza - Greater Cairo, Egypt"
"Great Pyramid of Giza - Greater Cairo, Egypt"
"Great Pyramid of Giza - Greater Cairo, Egypt"
"Great Pyramid of Giza - Greater Cairo, Egypt"
"Great Pyramid of Giza - Greater Cairo, Egypt"
"Great Pyramid of Giza - Greater Cairo, Egypt"
"Great Pyramid of Giza - Greater Cairo, Egypt"
"Great Pyramid of Giza - Greater Cairo, Egypt"
"Great Pyramid of Giza - Greater Cairo, Egypt"
"Great Pyramid of Giza - Greater Cairo, Egypt"
"Great Pyramid of Giza - Greater Cairo, Egypt"
"Great Pyramid of Giza - Greater Cairo, Egypt"
"Great Pyramid of Giza - Greater Cairo, Egypt"
"Great Pyramid of Giza - Greater Cairo, Egypt"
"Great Pyramid of Giza - Greater Cairo, Egypt"
"Great Pyramid of Giza - Greater Cairo, Egypt"
"Great Pyramid of Giza - Greater Cairo, Egypt"
"Great Pyramid of Giza - Greater Cairo, Egypt"
"Great Pyramid of Giza - Greater Cairo, Egypt"
"Great Pyramid of Giza - Greater Cairo, Egypt"
"Great Pyramid of Giza - Greater Cairo, Egypt"
"Grand Canyon - Arizona, United States"
"Grand Canyon - Arizona, United States"
"Grand Canyon - Arizona, United States"
"Grand Canyon - Arizona, United States"
"Grand Canyon - Arizona, United States"
"Grand Canyon - Arizona, United States"
"Grand Canyon - Arizona, United States"
"Grand Canyon - Arizona, United States"
"Grand Canyon - Arizona, United States"
"Grand Canyon - Arizona, United States"
"Grand Canyon - Arizona, United States"
"Grand Canyon - Arizona, United States"
"Grand Canyon - Arizona, United States"
"Grand Canyon - Arizona, United States"
"Grand Canyon - Arizona, United States"
"Grand Canyon - Arizona, United States"
"Grand Canyon - Arizona, United States"
"Grand Canyon - Arizona, United States"
"Grand Canyon - Arizona, United States"
"Grand Canyon - Arizona, United States"
"Grand Canyon - Arizona, United States"
"Grand Canyon - Arizona, United States"
"Grand Canyon - Arizona, United States"
"Grand Canyon - Arizona, United States"
"Grand Canyon - Arizona, United States"
"Grand Canyon - Arizona, United States"
"Grand Canyon - Arizona, United States"
"Grand Canyon - Arizona, United States"
"Grand Canyon - Arizona, United States"
"Grand Canyon - Arizona, United States"
"Grand Canyon - Arizona, United States"
"Grand Canyon - Arizona, United States"
"Grand Canyon - Arizona, United States"
"Grand Canyon - Arizona, United States"
"Grand Canyon - Arizona, United States"
"Grand Canyon - Arizona, United States"
"Grand Canyon - Arizona, United States"
"Grand Canyon - Arizona, United States"
"Grand Canyon - Arizona, United States"
"Grand Canyon - Arizona, United States"
Great Wall of China - Northern China
Great Wall of China - Northern China
Great Wall of China - Northern China
Great Wall of China - Northern China
Great Wall of China - Northern China
Great Wall of China - Northern China
Great Wall of China - Northern China
Great Wall of China - Northern China
Great Wall of China - Northern China
Great Wall of China - Northern China
Great Wall of China - Northern China
Great Wall of China - Northern China
Great Wall of China - Northern China
Great Wall of China - Northern China
Great Wall of China - Northern China
Great Wall of China - Northern China
Great Wall of China - Northern China
Great Wall of China - Northern China
Great Wall of China - Northern China
Great Wall of China - Northern China
Great Wall of China - Northern China
Great Wall of China - Northern China
Great Wall of China - Northern China
Great Wall of China - Northern China
Great Wall of China - Northern China
Great Wall of China - Northern China
Great Wall of China - Northern China
Great Wall of China - Northern China
Great Wall of China - Northern China
Great Wall of China - Northern China
Great Wall of China - Northern China
Great Wall of China - Northern China
Great Wall of China - Northern China
Great Wall of China - Northern China
Great Wall of China - Northern China
Great Wall of China - Northern China
Great Wall of China - Northern China
Great Wall of China - Northern China
Great Wall of China - Northern China
Great Wall of China - Northern China
"Himeji Castle - Hyogo Prefecture, Japan"
"Himeji Castle - Hyogo Prefecture, Japan"
"Himeji Castle - Hyogo Prefecture, Japan"
"Himeji Castle - Hyogo Prefecture, Japan"
"Himeji Castle - Hyogo Prefecture, Japan"
"Himeji Castle - Hyogo Prefecture, Japan"
"Himeji Castle - Hyogo Prefecture, Japan"
"Himeji Castle - Hyogo Prefecture, Japan"
"Himeji Castle - Hyogo Prefecture, Japan"
"Himeji Castle - Hyogo Prefecture, Japan"
"Himeji Castle - Hyogo Prefecture, Japan"
"Himeji Castle - Hyogo Prefecture, Japan"
"Himeji Castle - Hyogo Prefecture, Japan"
"Himeji Castle - Hyogo Prefecture, Japan"
"Himeji Castle - Hyogo Prefecture, Japan"
"Himeji Castle - Hyogo Prefecture, Japan"
"Himeji Castle - Hyogo Prefecture, Japan"
"Himeji Castle - Hyogo Prefecture, Japan"
"Himeji Castle - Hyogo Prefecture, Japan"
"Himeji Castle - Hyogo Prefecture, Japan"
"Himeji Castle - Hyogo Prefecture, Japan"
"Himeji Castle - Hyogo Prefecture, Japan"
"Himeji Castle - Hyogo Prefecture, Japan"
"Himeji Castle - Hyogo Prefecture, Japan"
"Himeji Castle - Hyogo Prefecture, Japan"
"Himeji Castle - Hyogo Prefecture, Japan"
"Himeji Castle - Hyogo Prefecture, Japan"
"Himeji Castle - Hyogo Prefecture, Japan"
"Himeji Castle - Hyogo Prefecture, Japan"
"Himeji Castle - Hyogo Prefecture, Japan"
"Himeji Castle - Hyogo Prefecture, Japan"
"Himeji Castle - Hyogo Prefecture, Japan"
"Himeji Castle - Hyogo Prefecture, Japan"
"Himeji Castle - Hyogo Prefecture, Japan"
"Himeji Castle - Hyogo Prefecture, Japan"
"Himeji Castle - Hyogo Prefecture, Japan"
"Himeji Castle - Hyogo Prefecture, Japan"
"Himeji Castle - Hyogo Prefecture, Japan"
"Himeji Castle - Hyogo Prefecture, Japan"
"Himeji Castle - Hyogo Prefecture, Japan"
"Hoa Lu Capital - Hoa Lu, Ninh Binh, Vietnam"
"Hoa Lu Capital - Hoa Lu, Ninh Binh, Vietnam"
"Hoa Lu Capital - Hoa Lu, Ninh Binh, Vietnam"
"Hoa Lu Capital - Hoa Lu, Ninh Binh, Vietnam"
"Hoa Lu Capital - Hoa Lu, Ninh Binh, Vietnam"
"Hoa Lu Capital - Hoa Lu, Ninh Binh, Vietnam"
"Hoa Lu Capital - Hoa Lu, Ninh Binh, Vietnam"
"Hoa Lu Capital - Hoa Lu, Ninh Binh, Vietnam"
"Hoa Lu Capital - Hoa Lu, Ninh Binh, Vietnam"
"Hoa Lu Capital - Hoa Lu, Ninh Binh, Vietnam"
"Hoa Lu Capital - Hoa Lu, Ninh Binh, Vietnam"
"Hoa Lu Capital - Hoa Lu, Ninh Binh, Vietnam"
"Hoa Lu Capital - Hoa Lu, Ninh Binh, Vietnam"
"Hoa Lu Capital - Hoa Lu, Ninh Binh, Vietnam"
"Hoa Lu Capital - Hoa Lu, Ninh Binh, Vietnam"
"Hoa Lu Capital - Hoa Lu, Ninh Binh, Vietnam"
"Hoa Lu Capital - Hoa Lu, Ninh Binh, Vietnam"
"Hoa Lu Capital - Hoa Lu, Ninh Binh, Vietnam"
"Hoa Lu Capital - Hoa Lu, Ninh Binh, Vietnam"
"Hoa Lu Capital - Hoa Lu, Ninh Binh, Vietnam"
"Hoa Lu Capital - Hoa Lu, Ninh Binh, Vietnam"
"Hoa Lu Capital - Hoa Lu, Ninh Binh, Vietnam"
"Hoa Lu Capital - Hoa Lu, Ninh Binh, Vietnam"
"Hoa Lu Capital - Hoa Lu, Ninh Binh, Vietnam"
"Hoa Lu Capital - Hoa Lu, Ninh Binh, Vietnam"
"Hoa Lu Capital - Hoa Lu, Ninh Binh, Vietnam"
"Hoa Lu Capital - Hoa Lu, Ninh Binh, Vietnam"
"Hoa Lu Capital - Hoa Lu, Ninh Binh, Vietnam"
"Hoa Lu Capital - Hoa Lu, Ninh Binh, Vietnam"
"Hoa Lu Capital - Hoa Lu, Ninh Binh, Vietnam"
"Hoa Lu Capital - Hoa Lu, Ninh Binh, Vietnam"
"Hoa Lu Capital - Hoa Lu, Ninh Binh, Vietnam"
"Hoa Lu Capital - Hoa Lu, Ninh Binh, Vietnam"
"Hoa Lu Capital - Hoa Lu, Ninh Binh, Vietnam"
"Hoa Lu Capital - Hoa Lu, Ninh Binh, Vietnam"
"Hoa Lu Capital - Hoa Lu, Ninh Binh, Vietnam"
"Hoa Lu Capital - Hoa Lu, Ninh Binh, Vietnam"
"Hoa Lu Capital - Hoa Lu, Ninh Binh, Vietnam"
"Hoa Lu Capital - Hoa Lu, Ninh Binh, Vietnam"
"Hoa Lu Capital - Hoa Lu, Ninh Binh, Vietnam"
Landmark 81 - Ho Chi Minh City - Vietnam
Landmark 81 - Ho Chi Minh City - Vietnam
Landmark 81 - Ho Chi Minh City - Vietnam
Landmark 81 - Ho Chi Minh City - Vietnam
Landmark 81 - Ho Chi Minh City - Vietnam
Landmark 81 - Ho Chi Minh City - Vietnam
Landmark 81 - Ho Chi Minh City - Vietnam
Landmark 81 - Ho Chi Minh City - Vietnam
Landmark 81 - Ho Chi Minh City - Vietnam
Landmark 81 - Ho Chi Minh City - Vietnam
Landmark 81 - Ho Chi Minh City - Vietnam
Landmark 81 - Ho Chi Minh City - Vietnam
Landmark 81 - Ho Chi Minh City - Vietnam
Landmark 81 - Ho Chi Minh City - Vietnam
Landmark 81 - Ho Chi Minh City - Vietnam
Landmark 81 - Ho Chi Minh City - Vietnam
Landmark 81 - Ho Chi Minh City - Vietnam
Landmark 81 - Ho Chi Minh City - Vietnam
Landmark 81 - Ho Chi Minh City - Vietnam
Landmark 81 - Ho Chi Minh City - Vietnam
Landmark 81 - Ho Chi Minh City - Vietnam
Landmark 81 - Ho Chi Minh City - Vietnam
Landmark 81 - Ho Chi Minh City - Vietnam
Landmark 81 - Ho Chi Minh City - Vietnam
Landmark 81 - Ho Chi Minh City - Vietnam
Landmark 81 - Ho Chi Minh City - Vietnam
Landmark 81 - Ho Chi Minh City - Vietnam
Landmark 81 - Ho Chi Minh City - Vietnam
Landmark 81 - Ho Chi Minh City - Vietnam
Landmark 81 - Ho Chi Minh City - Vietnam
Landmark 81 - Ho Chi Minh City - Vietnam
Landmark 81 - Ho Chi Minh City - Vietnam
Landmark 81 - Ho Chi Minh City - Vietnam
Landmark 81 - Ho Chi Minh City - Vietnam
Landmark 81 - Ho Chi Minh City - Vietnam
"President Ho Chi Minh Mausoleum - Ha Noi, Vietnam"
"President Ho Chi Minh Mausoleum - Ha Noi, Vietnam"
"President Ho Chi Minh Mausoleum - Ha Noi, Vietnam"
"President Ho Chi Minh Mausoleum - Ha Noi, Vietnam"
"President Ho Chi Minh Mausoleum - Ha Noi, Vietnam"
"President Ho Chi Minh Mausoleum - Ha Noi, Vietnam"
"President Ho Chi Minh Mausoleum - Ha Noi, Vietnam"
"President Ho Chi Minh Mausoleum - Ha Noi, Vietnam"
"President Ho Chi Minh Mausoleum - Ha Noi, Vietnam"
"President Ho Chi Minh Mausoleum - Ha Noi, Vietnam"
"President Ho Chi Minh Mausoleum - Ha Noi, Vietnam"
"President Ho Chi Minh Mausoleum - Ha Noi, Vietnam"
"President Ho Chi Minh Mausoleum - Ha Noi, Vietnam"
"President Ho Chi Minh Mausoleum - Ha Noi, Vietnam"
"President Ho Chi Minh Mausoleum - Ha Noi, Vietnam"
"President Ho Chi Minh Mausoleum - Ha Noi, Vietnam"
"President Ho Chi Minh Mausoleum - Ha Noi, Vietnam"
"President Ho Chi Minh Mausoleum - Ha Noi, Vietnam"
"President Ho Chi Minh Mausoleum - Ha Noi, Vietnam"
"President Ho Chi Minh Mausoleum - Ha Noi, Vietnam"
"Machu Picchu - Eastern Cordillera, southern Peru"
"Machu Picchu - Eastern Cordillera, southern Peru"
"Machu Picchu - Eastern Cordillera, southern Peru"
"Machu Picchu - Eastern Cordillera, southern Peru"
"Machu Picchu - Eastern Cordillera, southern Peru"
"Machu Picchu - Eastern Cordillera, southern Peru"
"Machu Picchu - Eastern Cordillera, southern Peru"
"Machu Picchu - Eastern Cordillera, southern Peru"
"Machu Picchu - Eastern Cordillera, southern Peru"
"Machu Picchu - Eastern Cordillera, southern Peru"
"Machu Picchu - Eastern Cordillera, southern Peru"
"Machu Picchu - Eastern Cordillera, southern Peru"
"Machu Picchu - Eastern Cordillera, southern Peru"
"Machu Picchu - Eastern Cordillera, southern Peru"
"Machu Picchu - Eastern Cordillera, southern Peru"
"Machu Picchu - Eastern Cordillera, southern Peru"
"Machu Picchu - Eastern Cordillera, southern Peru"
"Machu Picchu - Eastern Cordillera, southern Peru"
"Machu Picchu - Eastern Cordillera, southern Peru"
"Machu Picchu - Eastern Cordillera, southern Peru"
"Machu Picchu - Eastern Cordillera, southern Peru"
"Machu Picchu - Eastern Cordillera, southern Peru"
"Machu Picchu - Eastern Cordillera, southern Peru"
"Machu Picchu - Eastern Cordillera, southern Peru"
"Machu Picchu - Eastern Cordillera, southern Peru"
"Machu Picchu - Eastern Cordillera, southern Peru"
"Machu Picchu - Eastern Cordillera, southern Peru"
"Machu Picchu - Eastern Cordillera, southern Peru"
"Machu Picchu - Eastern Cordillera, southern Peru"
"Machu Picchu - Eastern Cordillera, southern Peru"
"Machu Picchu - Eastern Cordillera, southern Peru"
"Machu Picchu - Eastern Cordillera, southern Peru"
"Machu Picchu - Eastern Cordillera, southern Peru"
"Machu Picchu - Eastern Cordillera, southern Peru"
"Machu Picchu - Eastern Cordillera, southern Peru"
"Machu Picchu - Eastern Cordillera, southern Peru"
"Machu Picchu - Eastern Cordillera, southern Peru"
"Machu Picchu - Eastern Cordillera, southern Peru"
"Machu Picchu - Eastern Cordillera, southern Peru"
"Machu Picchu - Eastern Cordillera, southern Peru"
"Moai - Easter Island, Chile"
"Moai - Easter Island, Chile"
"Moai - Easter Island, Chile"
"Moai - Easter Island, Chile"
"Moai - Easter Island, Chile"
"Moai - Easter Island, Chile"
"Moai - Easter Island, Chile"
"Moai - Easter Island, Chile"
"Moai - Easter Island, Chile"
"Moai - Easter Island, Chile"
"Moai - Easter Island, Chile"
"Moai - Easter Island, Chile"
"Moai - Easter Island, Chile"
"Moai - Easter Island, Chile"
"Moai - Easter Island, Chile"
"Moai - Easter Island, Chile"
"Moai - Easter Island, Chile"
"Moai - Easter Island, Chile"
"Moai - Easter Island, Chile"
"Moai - Easter Island, Chile"
"Moai - Easter Island, Chile"
"Moai - Easter Island, Chile"
"Moai - Easter Island, Chile"
"Moai - Easter Island, Chile"
"Moai - Easter Island, Chile"
"Moai - Easter Island, Chile"
"Moai - Easter Island, Chile"
"Moai - Easter Island, Chile"
"Moai - Easter Island, Chile"
"Moai - Easter Island, Chile"
Monument of Glory in Samara - Russia
Monument of Glory in Samara - Russia
Monument of Glory in Samara - Russia
Monument of Glory in Samara - Russia
Monument of Glory in Samara - Russia
Monument of Glory in Samara - Russia
Monument of Glory in Samara - Russia
Monument of Glory in Samara - Russia
Monument of Glory in Samara - Russia
Monument of Glory in Samara - Russia
Monument of Glory in Samara - Russia
Monument of Glory in Samara - Russia
Monument of Glory in Samara - Russia
Monument of Glory in Samara - Russia
Monument of Glory in Samara - Russia
Monument of Glory in Samara - Russia
Monument of Glory in Samara - Russia
Monument of Glory in Samara - Russia
Monument of Glory in Samara - Russia
Monument of Glory in Samara - Russia
Monument of Glory in Samara - Russia
Monument of Glory in Samara - Russia
Monument of Glory in Samara - Russia
Monument of Glory in Samara - Russia
Monument of Glory in Samara - Russia
Monument of Glory in Samara - Russia
Monument of Glory in Samara - Russia
Monument of Glory in Samara - Russia
Monument of Glory in Samara - Russia
Monument of Glory in Samara - Russia
Monument of Glory in Samara - Russia
Monument of Glory in Samara - Russia
Monument of Glory in Samara - Russia
Monument of Glory in Samara - Russia
Monument of Glory in Samara - Russia
Monument of Glory in Samara - Russia
Monument of Glory in Samara - Russia
Monument of Glory in Samara - Russia
Monument of Glory in Samara - Russia
Monument of Glory in Samara - Russia
"Sydney Opera House - Bennelong Point, Sydney"
"Sydney Opera House - Bennelong Point, Sydney"
"Sydney Opera House - Bennelong Point, Sydney"
"Sydney Opera House - Bennelong Point, Sydney"
"Sydney Opera House - Bennelong Point, Sydney"
"Sydney Opera House - Bennelong Point, Sydney"
"Sydney Opera House - Bennelong Point, Sydney"
"Sydney Opera House - Bennelong Point, Sydney"
"Sydney Opera House - Bennelong Point, Sydney"
"Sydney Opera House - Bennelong Point, Sydney"
"Sydney Opera House - Bennelong Point, Sydney"
"Sydney Opera House - Bennelong Point, Sydney"
"Sydney Opera House - Bennelong Point, Sydney"
"Sydney Opera House - Bennelong Point, Sydney"
"Sydney Opera House - Bennelong Point, Sydney"
"Sydney Opera House - Bennelong Point, Sydney"
"Sydney Opera House - Bennelong Point, Sydney"
"Sydney Opera House - Bennelong Point, Sydney"
"Sydney Opera House - Bennelong Point, Sydney"
"Sydney Opera House - Bennelong Point, Sydney"
"Sydney Opera House - Bennelong Point, Sydney"
"Sydney Opera House - Bennelong Point, Sydney"
"Sydney Opera House - Bennelong Point, Sydney"
"Sydney Opera House - Bennelong Point, Sydney"
"Sydney Opera House - Bennelong Point, Sydney"
"Sydney Opera House - Bennelong Point, Sydney"
"Sydney Opera House - Bennelong Point, Sydney"
"Sydney Opera House - Bennelong Point, Sydney"
"Sydney Opera House - Bennelong Point, Sydney"
"Sydney Opera House - Bennelong Point, Sydney"
"Sydney Opera House - Bennelong Point, Sydney"
"Sydney Opera House - Bennelong Point, Sydney"
"Sydney Opera House - Bennelong Point, Sydney"
"Sydney Opera House - Bennelong Point, Sydney"
"Sydney Opera House - Bennelong Point, Sydney"
"Sydney Opera House - Bennelong Point, Sydney"
"Sydney Opera House - Bennelong Point, Sydney"
"Sydney Opera House - Bennelong Point, Sydney"
"Sydney Opera House - Bennelong Point, Sydney"
"Sydney Opera House - Bennelong Point, Sydney"
"Petra -  Ma'an Governorate, Jordan"
"Petra -  Ma'an Governorate, Jordan"
"Petra -  Ma'an Governorate, Jordan"
"Petra -  Ma'an Governorate, Jordan"
"Petra -  Ma'an Governorate, Jordan"
"Petra -  Ma'an Governorate, Jordan"
"Petra -  Ma'an Governorate, Jordan"
"Petra -  Ma'an Governorate, Jordan"
"Petra -  Ma'an Governorate, Jordan"
"Petra -  Ma'an Governorate, Jordan"
"Petra -  Ma'an Governorate, Jordan"
"Petra -  Ma'an Governorate, Jordan"
"Petra -  Ma'an Governorate, Jordan"
"Petra -  Ma'an Governorate, Jordan"
"Petra -  Ma'an Governorate, Jordan"
"Petra -  Ma'an Governorate, Jordan"
"Petra -  Ma'an Governorate, Jordan"
"Petra -  Ma'an Governorate, Jordan"
"Petra -  Ma'an Governorate, Jordan"
"Petra -  Ma'an Governorate, Jordan"
"Petra -  Ma'an Governorate, Jordan"
"Petra -  Ma'an Governorate, Jordan"
"Petra -  Ma'an Governorate, Jordan"
"Petra -  Ma'an Governorate, Jordan"
"Petra -  Ma'an Governorate, Jordan"
"Petra -  Ma'an Governorate, Jordan"
"Petra -  Ma'an Governorate, Jordan"
"Petra -  Ma'an Governorate, Jordan"
"Petra -  Ma'an Governorate, Jordan"
"Petra -  Ma'an Governorate, Jordan"
"Petra -  Ma'an Governorate, Jordan"
"Petra -  Ma'an Governorate, Jordan"
"Petra -  Ma'an Governorate, Jordan"
"Petra -  Ma'an Governorate, Jordan"
"Petra -  Ma'an Governorate, Jordan"
"Petra -  Ma'an Governorate, Jordan"
"Petra -  Ma'an Governorate, Jordan"
"Petra -  Ma'an Governorate, Jordan"
"Petra -  Ma'an Governorate, Jordan"
"Petra -  Ma'an Governorate, Jordan"
"Red Square - Moscow, Russia"
"Red Square - Moscow, Russia"
"Red Square - Moscow, Russia"
"Red Square - Moscow, Russia"
"Red Square - Moscow, Russia"
"Red Square - Moscow, Russia"
"Red Square - Moscow, Russia"
"Red Square - Moscow, Russia"
"Red Square - Moscow, Russia"
"Red Square - Moscow, Russia"
"Red Square - Moscow, Russia"
"Red Square - Moscow, Russia"
"Red Square - Moscow, Russia"
"Red Square - Moscow, Russia"
"Red Square - Moscow, Russia"
"Red Square - Moscow, Russia"
"Red Square - Moscow, Russia"
"Red Square - Moscow, Russia"
"Red Square - Moscow, Russia"
"Red Square - Moscow, Russia"
"Red Square - Moscow, Russia"
"Red Square - Moscow, Russia"
"Red Square - Moscow, Russia"
"Red Square - Moscow, Russia"
"Red Square - Moscow, Russia"
"Red Square - Moscow, Russia"
"Red Square - Moscow, Russia"
"Red Square - Moscow, Russia"
"Red Square - Moscow, Russia"
"Red Square - Moscow, Russia"
"Red Square - Moscow, Russia"
"Red Square - Moscow, Russia"
"Red Square - Moscow, Russia"
"Red Square - Moscow, Russia"
"Red Square - Moscow, Russia"
"Red Square - Moscow, Russia"
"Red Square - Moscow, Russia"
"Red Square - Moscow, Russia"
"Red Square - Moscow, Russia"
"Red Square - Moscow, Russia"
"Stonehenge - Wiltshire, England"
"Stonehenge - Wiltshire, England"
"Stonehenge - Wiltshire, England"
"Stonehenge - Wiltshire, England"
"Stonehenge - Wiltshire, England"
"Stonehenge - Wiltshire, England"
"Stonehenge - Wiltshire, England"
"Stonehenge - Wiltshire, England"
"Stonehenge - Wiltshire, England"
"Stonehenge - Wiltshire, England"
"Stonehenge - Wiltshire, England"
"Stonehenge - Wiltshire, England"
"Stonehenge - Wiltshire, England"
"Stonehenge - Wiltshire, England"
"Stonehenge - Wiltshire, England"
"Stonehenge - Wiltshire, England"
"Stonehenge - Wiltshire, England"
"Stonehenge - Wiltshire, England"
"Stonehenge - Wiltshire, England"
"Stonehenge - Wiltshire, England"
"Stonehenge - Wiltshire, England"
"Stonehenge - Wiltshire, England"
"Stonehenge - Wiltshire, England"
"Stonehenge - Wiltshire, England"
"Stonehenge - Wiltshire, England"
"Stonehenge - Wiltshire, England"
"Stonehenge - Wiltshire, England"
"Stonehenge - Wiltshire, England"
"Stonehenge - Wiltshire, England"
"Stonehenge - Wiltshire, England"
"Stonehenge - Wiltshire, England"
"Stonehenge - Wiltshire, England"
"Stonehenge - Wiltshire, England"
"Stonehenge - Wiltshire, England"
"Stonehenge - Wiltshire, England"
"Stonehenge - Wiltshire, England"
"Stonehenge - Wiltshire, England"
"Stonehenge - Wiltshire, England"
"Stonehenge - Wiltshire, England"
"Stonehenge - Wiltshire, England"
"Stones Fan Museum - Luchow, Lower Saxony, Germany"
"Stones Fan Museum - Luchow, Lower Saxony, Germany"
"Stones Fan Museum - Luchow, Lower Saxony, Germany"
"Stones Fan Museum - Luchow, Lower Saxony, Germany"
"Stones Fan Museum - Luchow, Lower Saxony, Germany"
"Stones Fan Museum - Luchow, Lower Saxony, Germany"
"Stones Fan Museum - Luchow, Lower Saxony, Germany"
"Stones Fan Museum - Luchow, Lower Saxony, Germany"
"Stones Fan Museum - Luchow, Lower Saxony, Germany"
"Stones Fan Museum - Luchow, Lower Saxony, Germany"
"Stones Fan Museum - Luchow, Lower Saxony, Germany"
"Stones Fan Museum - Luchow, Lower Saxony, Germany"
"Stones Fan Museum - Luchow, Lower Saxony, Germany"
"Stones Fan Museum - Luchow, Lower Saxony, Germany"
"Stones Fan Museum - Luchow, Lower Saxony, Germany"
"Stones Fan Museum - Luchow, Lower Saxony, Germany"
"Stones Fan Museum - Luchow, Lower Saxony, Germany"
"Stones Fan Museum - Luchow, Lower Saxony, Germany"
"Stones Fan Museum - Luchow, Lower Saxony, Germany"
"Stones Fan Museum - Luchow, Lower Saxony, Germany"
"Taj Mahal - Agra, Uttar Pradesh, India"
"Taj Mahal - Agra, Uttar Pradesh, India"
"Taj Mahal - Agra, Uttar Pradesh, India"
"Taj Mahal - Agra, Uttar Pradesh, India"
"Taj Mahal - Agra, Uttar Pradesh, India"
"Taj Mahal - Agra, Uttar Pradesh, India"
"Taj Mahal - Agra, Uttar Pradesh, India"
"Taj Mahal - Agra, Uttar Pradesh, India"
"Taj Mahal - Agra, Uttar Pradesh, India"
"Taj Mahal - Agra, Uttar Pradesh, India"
"Taj Mahal - Agra, Uttar Pradesh, India"
"Taj Mahal - Agra, Uttar Pradesh, India"
"Taj Mahal - Agra, Uttar Pradesh, India"
"Taj Mahal - Agra, Uttar Pradesh, India"
"Taj Mahal - Agra, Uttar Pradesh, India"
"Taj Mahal - Agra, Uttar Pradesh, India"
"Taj Mahal - Agra, Uttar Pradesh, India"
"Taj Mahal - Agra, Uttar Pradesh, India"
"Taj Mahal - Agra, Uttar Pradesh, India"
"Taj Mahal - Agra, Uttar Pradesh, India"
"Taj Mahal - Agra, Uttar Pradesh, India"
"Taj Mahal - Agra, Uttar Pradesh, India"
"Taj Mahal - Agra, Uttar Pradesh, India"
"Taj Mahal - Agra, Uttar Pradesh, India"
"Taj Mahal - Agra, Uttar Pradesh, India"
"Taj Mahal - Agra, Uttar Pradesh, India"
"Taj Mahal - Agra, Uttar Pradesh, India"
"Taj Mahal - Agra, Uttar Pradesh, India"
"Taj Mahal - Agra, Uttar Pradesh, India"
"Taj Mahal - Agra, Uttar Pradesh, India"
"Taj Mahal - Agra, Uttar Pradesh, India"
"Taj Mahal - Agra, Uttar Pradesh, India"
"Taj Mahal - Agra, Uttar Pradesh, India"
"Taj Mahal - Agra, Uttar Pradesh, India"
"Taj Mahal - Agra, Uttar Pradesh, India"
"Taj Mahal - Agra, Uttar Pradesh, India"
"Taj Mahal - Agra, Uttar Pradesh, India"
"Taj Mahal - Agra, Uttar Pradesh, India"
"Taj Mahal - Agra, Uttar Pradesh, India"
"Taj Mahal - Agra, Uttar Pradesh, India"
"Timbuktu - Tombouctou, Mali"
"Timbuktu - Tombouctou, Mali"
"Timbuktu - Tombouctou, Mali"
"Timbuktu - Tombouctou, Mali"
"Timbuktu - Tombouctou, Mali"
"Timbuktu - Tombouctou, Mali"
"Timbuktu - Tombouctou, Mali"
"Timbuktu - Tombouctou, Mali"
"Timbuktu - Tombouctou, Mali"
"Timbuktu - Tombouctou, Mali"
"Timbuktu - Tombouctou, Mali"
"Timbuktu - Tombouctou, Mali"
"Timbuktu - Tombouctou, Mali"
"Timbuktu - Tombouctou, Mali"
"Timbuktu - Tombouctou, Mali"
"Timbuktu - Tombouctou, Mali"
"Timbuktu - Tombouctou, Mali"
"Timbuktu - Tombouctou, Mali"
"Timbuktu - Tombouctou, Mali"
"Timbuktu - Tombouctou, Mali"
"Timbuktu - Tombouctou, Mali"
"Timbuktu - Tombouctou, Mali"
"Timbuktu - Tombouctou, Mali"
"Timbuktu - Tombouctou, Mali"
"Timbuktu - Tombouctou, Mali"
"Tweed Heads - New South Wales, Australia"
"Tweed Heads - New South Wales, Australia"
"Tweed Heads - New South Wales, Australia"
"Tweed Heads - New South Wales, Australia"
"Tweed Heads - New South Wales, Australia"
"Tweed Heads - New South Wales, Australia"
"Tweed Heads - New South Wales, Australia"
"Tweed Heads - New South Wales, Australia"
"Tweed Heads - New South Wales, Australia"
"Tweed Heads - New South Wales, Australia"
"Tweed Heads - New South Wales, Australia"
"Tweed Heads - New South Wales, Australia"
"Tweed Heads - New South Wales, Australia"
"Tweed Heads - New South Wales, Australia"
"Tweed Heads - New South Wales, Australia"
"Tweed Heads - New South Wales, Australia"
"Uluru - Northern Territory, Central Australia"
"Uluru - Northern Territory, Central Australia"
"Uluru - Northern Territory, Central Australia"
"Uluru - Northern Territory, Central Australia"
"Uluru - Northern Territory, Central Australia"
"Uluru - Northern Territory, Central Australia"
"Uluru - Northern Territory, Central Australia"
"Uluru - Northern Territory, Central Australia"
"Uluru - Northern Territory, Central Australia"
"Uluru - Northern Territory, Central Australia"
"Uluru - Northern Territory, Central Australia"
"Uluru - Northern Territory, Central Australia"
"Uluru - Northern Territory, Central Australia"
"Uluru - Northern Territory, Central Australia"
"Uluru - Northern Territory, Central Australia"
"Uluru - Northern Territory, Central Australia"
"Uluru - Northern Territory, Central Australia"
"Uluru - Northern Territory, Central Australia"
"Uluru - Northern Territory, Central Australia"
"Uluru - Northern Territory, Central Australia"
"Uluru - Northern Territory, Central Australia"
"Uluru - Northern Territory, Central Australia"
"Uluru - Northern Territory, Central Australia"
"Uluru - Northern Territory, Central Australia"
"Uluru - Northern Territory, Central Australia"
"Uluru - Northern Territory, Central Australia"
"Uluru - Northern Territory, Central Australia"
"Uluru - Northern Territory, Central Australia"
"Uluru - Northern Territory, Central Australia"
"Uluru - Northern Territory, Central Australia"
"Uluru - Northern Territory, Central Australia"
"Uluru - Northern Territory, Central Australia"
"Uluru - Northern Territory, Central Australia"
"Uluru - Northern Territory, Central Australia"
"Uluru - Northern Territory, Central Australia"
"Uluru - Northern Territory, Central Australia"
"Uluru - Northern Territory, Central Australia"
"Uluru - Northern Territory, Central Australia"
"Uluru - Northern Territory, Central Australia"
"Uluru - Northern Territory, Central Australia"
"Angkor Wat, Siem Reap, Campodia"
"Angkor Wat, Siem Reap, Campodia"
"Angkor Wat, Siem Reap, Campodia"
"Angkor Wat, Siem Reap, Campodia"
"Angkor Wat, Siem Reap, Campodia"
"Angkor Wat, Siem Reap, Campodia"
"Angkor Wat, Siem Reap, Campodia"
"Angkor Wat, Siem Reap, Campodia"
"Angkor Wat, Siem Reap, Campodia"
"Angkor Wat, Siem Reap, Campodia"
"Angkor Wat, Siem Reap, Campodia"
"Angkor Wat, Siem Reap, Campodia"
"Angkor Wat, Siem Reap, Campodia"
"Angkor Wat, Siem Reap, Campodia"
"Angkor Wat, Siem Reap, Campodia"
"Angkor Wat, Siem Reap, Campodia"
"Angkor Wat, Siem Reap, Campodia"
"Angkor Wat, Siem Reap, Campodia"
"Angkor Wat, Siem Reap, Campodia"
"Angkor Wat, Siem Reap, Campodia"
"Angkor Wat, Siem Reap, Campodia"
"Angkor Wat, Siem Reap, Campodia"
"Angkor Wat, Siem Reap, Campodia"
"Angkor Wat, Siem Reap, Campodia"
"Angkor Wat, Siem Reap, Campodia"
"Angkor Wat, Siem Reap, Campodia"
"Angkor Wat, Siem Reap, Campodia"
"Angkor Wat, Siem Reap, Campodia"
"Angkor Wat, Siem Reap, Campodia"
"Angkor Wat, Siem Reap, Campodia"
"Angkor Wat, Siem Reap, Campodia"
"Angkor Wat, Siem Reap, Campodia"
"Angkor Wat, Siem Reap, Campodia"
"Angkor Wat, Siem Reap, Campodia"
"Angkor Wat, Siem Reap, Campodia"
"Angkor Wat, Siem Reap, Campodia"
"Angkor Wat, Siem Reap, Campodia"
"Angkor Wat, Siem Reap, Campodia"
"Angkor Wat, Siem Reap, Campodia"
"Angkor Wat, Siem Reap, Campodia"
"Bitexco Financial Tower, Ho Chi Minh City, Viet Nam"
"Bitexco Financial Tower, Ho Chi Minh City, Viet Nam"
"Bitexco Financial Tower, Ho Chi Minh City, Viet Nam"
"Bitexco Financial Tower, Ho Chi Minh City, Viet Nam"
"Bitexco Financial Tower, Ho Chi Minh City, Viet Nam"
"Bitexco Financial Tower, Ho Chi Minh City, Viet Nam"
"Bitexco Financial Tower, Ho Chi Minh City, Viet Nam"
"Bitexco Financial Tower, Ho Chi Minh City, Viet Nam"
"Bitexco Financial Tower, Ho Chi Minh City, Viet Nam"
"Bitexco Financial Tower, Ho Chi Minh City, Viet Nam"
"Bitexco Financial Tower, Ho Chi Minh City, Viet Nam"
"Bitexco Financial Tower, Ho Chi Minh City, Viet Nam"
"Bitexco Financial Tower, Ho Chi Minh City, Viet Nam"
"Bitexco Financial Tower, Ho Chi Minh City, Viet Nam"
"Bitexco Financial Tower, Ho Chi Minh City, Viet Nam"
"Bitexco Financial Tower, Ho Chi Minh City, Viet Nam"
"Bitexco Financial Tower, Ho Chi Minh City, Viet Nam"
"Bitexco Financial Tower, Ho Chi Minh City, Viet Nam"
"Bitexco Financial Tower, Ho Chi Minh City, Viet Nam"
"Bitexco Financial Tower, Ho Chi Minh City, Viet Nam"
"Bitexco Financial Tower, Ho Chi Minh City, Viet Nam"
"Bitexco Financial Tower, Ho Chi Minh City, Viet Nam"
"Bitexco Financial Tower, Ho Chi Minh City, Viet Nam"
"Bitexco Financial Tower, Ho Chi Minh City, Viet Nam"
"Bitexco Financial Tower, Ho Chi Minh City, Viet Nam"
"Bitexco Financial Tower, Ho Chi Minh City, Viet Nam"
"Bitexco Financial Tower, Ho Chi Minh City, Viet Nam"
"Bitexco Financial Tower, Ho Chi Minh City, Viet Nam"
"Bitexco Financial Tower, Ho Chi Minh City, Viet Nam"
"Bitexco Financial Tower, Ho Chi Minh City, Viet Nam"
"Turtle Tower, Ha Noi, Viet Nam"
"Turtle Tower, Ha Noi, Viet Nam"
"Turtle Tower, Ha Noi, Viet Nam"
"Turtle Tower, Ha Noi, Viet Nam"
"Turtle Tower, Ha Noi, Viet Nam"
"Turtle Tower, Ha Noi, Viet Nam"
"Turtle Tower, Ha Noi, Viet Nam"
"Turtle Tower, Ha Noi, Viet Nam"
"Turtle Tower, Ha Noi, Viet Nam"
"Turtle Tower, Ha Noi, Viet Nam"
"Turtle Tower, Ha Noi, Viet Nam"
"Turtle Tower, Ha Noi, Viet Nam"
"Turtle Tower, Ha Noi, Viet Nam"
"Turtle Tower, Ha Noi, Viet Nam"
"Turtle Tower, Ha Noi, Viet Nam"
"Turtle Tower, Ha Noi, Viet Nam"
"Turtle Tower, Ha Noi, Viet Nam"
"Turtle Tower, Ha Noi, Viet Nam"
"Turtle Tower, Ha Noi, Viet Nam"
"Turtle Tower, Ha Noi, Viet Nam"
"Ha Long Bay, Quang Ninh Province, Viet Nam"
"Ha Long Bay, Quang Ninh Province, Viet Nam"
"Ha Long Bay, Quang Ninh Province, Viet Nam"
"Ha Long Bay, Quang Ninh Province, Viet Nam"
"Ha Long Bay, Quang Ninh Province, Viet Nam"
"Ha Long Bay, Quang Ninh Province, Viet Nam"
"Ha Long Bay, Quang Ninh Province, Viet Nam"
"Ha Long Bay, Quang Ninh Province, Viet Nam"
"Ha Long Bay, Quang Ninh Province, Viet Nam"
"Ha Long Bay, Quang Ninh Province, Viet Nam"
"Ha Long Bay, Quang Ninh Province, Viet Nam"
"Ha Long Bay, Quang Ninh Province, Viet Nam"
"Ha Long Bay, Quang Ninh Province, Viet Nam"
"Ha Long Bay, Quang Ninh Province, Viet Nam"
"Ha Long Bay, Quang Ninh Province, Viet Nam"
"Ha Long Bay, Quang Ninh Province, Viet Nam"
"Ha Long Bay, Quang Ninh Province, Viet Nam"
"Ha Long Bay, Quang Ninh Province, Viet Nam"
"Ha Long Bay, Quang Ninh Province, Viet Nam"
"Ha Long Bay, Quang Ninh Province, Viet Nam"
"Ha Long Bay, Quang Ninh Province, Viet Nam"
"Ha Long Bay, Quang Ninh Province, Viet Nam"
"Ha Long Bay, Quang Ninh Province, Viet Nam"
"Ha Long Bay, Quang Ninh Province, Viet Nam"
"Ha Long Bay, Quang Ninh Province, Viet Nam"
"Ha Long Bay, Quang Ninh Province, Viet Nam"
"Ha Long Bay, Quang Ninh Province, Viet Nam"
"Ha Long Bay, Quang Ninh Province, Viet Nam"
"Ha Long Bay, Quang Ninh Province, Viet Nam"
"Ha Long Bay, Quang Ninh Province, Viet Nam"
"Leaning Tower of Pisa, Pisa, Italy"
"Leaning Tower of Pisa, Pisa, Italy"
"Leaning Tower of Pisa, Pisa, Italy"
"Leaning Tower of Pisa, Pisa, Italy"
"Leaning Tower of Pisa, Pisa, Italy"
"Leaning Tower of Pisa, Pisa, Italy"
"Leaning Tower of Pisa, Pisa, Italy"
"Leaning Tower of Pisa, Pisa, Italy"
"Leaning Tower of Pisa, Pisa, Italy"
"Leaning Tower of Pisa, Pisa, Italy"
"Leaning Tower of Pisa, Pisa, Italy"
"Leaning Tower of Pisa, Pisa, Italy"
"Leaning Tower of Pisa, Pisa, Italy"
"Leaning Tower of Pisa, Pisa, Italy"
"Leaning Tower of Pisa, Pisa, Italy"
"Leaning Tower of Pisa, Pisa, Italy"
"Leaning Tower of Pisa, Pisa, Italy"
"Leaning Tower of Pisa, Pisa, Italy"
"Leaning Tower of Pisa, Pisa, Italy"
"Leaning Tower of Pisa, Pisa, Italy"
"Leaning Tower of Pisa, Pisa, Italy"
"Leaning Tower of Pisa, Pisa, Italy"
"Leaning Tower of Pisa, Pisa, Italy"
"Leaning Tower of Pisa, Pisa, Italy"
"Leaning Tower of Pisa, Pisa, Italy"
"Leaning Tower of Pisa, Pisa, Italy"
"Leaning Tower of Pisa, Pisa, Italy"
"Leaning Tower of Pisa, Pisa, Italy"
"Leaning Tower of Pisa, Pisa, Italy"
"Leaning Tower of Pisa, Pisa, Italy"
